{"idr": 95662.08531090265, "assets": {"pippin": 21.610484019933555, "zil": 553.1972892561982, "slerfv2": 678.0237614284177, "fartcoin": 16.45915244161359, "hype": 0.12017908460938287, "zerebro": 469.8647393333333}}